total_purchase_count,average_order_value,days_since_first_purchase,days_since_last_purchase,product_category_diversity,loyalty_program_membership,estimated_lifetime_value
12.44,40.71,309.32,52.28,0.0317,Not Enrolled,415.06
43.16,155.18,810.47,82.61,0.475,Not Enrolled,1790.0
0.699,58.41,298.51,203.12,0.121,Enrolled,186.94
9.75,44.82,220.62,37.3,0.216,Not Enrolled,475.64
5.55,48.76,198.76,45.66,0.0633,Enrolled,485.83
22.55,138.3,467.27,55.94,0.4,Not Enrolled,1358.33
2.81,46.46,295.47,119.8,0.086,Not Enrolled,211.0
16.36,131.43,287.49,33.33,0.14,Not Enrolled,1554.7
67.78,56.21,739.79,58.76,0.633,Not Enrolled,880.9
30.87,57.62,235.46,15.49,0.187,Not Enrolled,1092.74
2.42,104.37,619.8,246.24,0.158,Not Enrolled,320.43
15.62,62.61,298.42,35.25,0.424,Not Enrolled,866.8
4.23,134.91,266.44,68.48,0.0948,Enrolled,1036.97
22.93,129.78,457.83,49.0,0.619,Not Enrolled,1558.0
120.12,61.4,332.32,6.88,0.476,Not Enrolled,2287.95
0.758,114.25,89.46,70.21,0.376,Not Enrolled,437.03
2.49,84.91,220.04,97.73,0.271,Not Enrolled,301.34
0.498,19.69,210.04,183.69,0.0569,Enrolled,73.8
81.42,114.89,1313.18,131.59,0.316,Not Enrolled,1466.26
2.04,57.23,56.49,22.35,0.246,Enrolled,509.34
3.1,154.42,202.51,56.52,0.296,Enrolled,1206.38
14.93,72.56,539.61,87.79,0.3,Not Enrolled,667.92
4.33,78.78,259.4,73.77,0.269,Not Enrolled,506.87
4.3,185.25,572.63,171.18,0.209,Not Enrolled,744.4
29.08,160.16,430.77,41.43,0.28,Not Enrolled,1847.17
0.485,78.38,157.45,141.13,0.269,Enrolled,238.91
1.32,60.46,261.15,140.69,0.0527,Enrolled,250.34
0.607,59.63,89.2,80.08,0.505,Enrolled,242.09
1.41,56.0,262.42,128.63,0.356,Enrolled,267.03
28.61,107.99,641.66,78.47,0.225,Not Enrolled,1115.46
1.16,34.47,437.25,230.96,0.0389,Enrolled,140.55
63.51,38.75,366.07,19.69,0.207,Not Enrolled,785.02
3.39,44.3,34.61,8.9,0.212,Not Enrolled,521.0
1.63,49.99,304.85,141.4,0.0326,Enrolled,258.37
2.88,142.47,254.52,88.06,0.188,Not Enrolled,712.07
3.34,72.82,387.19,133.43,0.352,Not Enrolled,336.72
41.36,133.24,1231.13,172.55,0.222,Not Enrolled,1026.58
37.78,27.79,650.2,68.01,0.152,Enrolled,438.27
1.03,63.73,259.61,152.79,0.206,Enrolled,239.69
1.08,27.02,325.59,185.95,0.0674,Enrolled,117.41
16.09,171.3,622.39,95.52,0.5,Not Enrolled,1375.97
10.05,63.55,768.22,166.36,0.382,Not Enrolled,429.09
0.614,132.36,103.37,86.13,0.192,Enrolled,484.66
20.35,191.91,338.03,34.67,0.699,Not Enrolled,2000.54
0.832,48.92,86.54,64.01,0.255,Enrolled,264.13
5.42,73.15,475.77,122.85,0.401,Enrolled,476.57
1.55,45.15,198.14,102.81,0.266,Not Enrolled,209.58
17.97,162.05,475.6,65.35,0.123,Not Enrolled,1494.08
2.32,52.93,487.67,208.3,0.439,Not Enrolled,173.48
7.22,109.94,268.66,55.43,0.0561,Not Enrolled,906.44
2.32,58.22,98.62,38.46,0.0933,Enrolled,447.38
3.17,57.23,307.99,96.48,0.456,Enrolled,400.68
8.55,136.07,842.84,190.71,0.644,Not Enrolled,718.04
9.26,99.82,410.81,85.92,0.198,Not Enrolled,650.2
2.7,41.1,347.92,121.21,0.347,Enrolled,269.8
50.53,120.11,739.69,69.64,0.642,Not Enrolled,1364.98
6.39,166.59,336.22,75.31,0.299,Not Enrolled,1065.07
13.76,66.5,338.21,44.77,0.141,Enrolled,932.85
3.86,108.66,422.88,134.25,0.324,Not Enrolled,488.31
7.63,84.49,220.92,42.46,0.446,Not Enrolled,712.49
3.58,81.79,570.85,187.03,0.608,Not Enrolled,341.93
34.48,77.56,394.31,32.26,0.284,Not Enrolled,1205.07
1.18,128.69,229.03,120.09,0.12,Enrolled,539.86
11.44,178.44,317.59,40.94,0.529,Enrolled,2132.53
1.63,87.04,532.54,227.28,0.165,Enrolled,348.66
0.603,66.45,299.11,215.35,0.14,Enrolled,192.23
5.1,36.51,233.64,55.58,0.214,Enrolled,369.59
1.85,54.1,178.52,92.14,0.0232,Not Enrolled,238.88
38.27,48.16,751.9,89.86,0.283,Not Enrolled,541.84
0.861,33.05,381.99,233.19,0.355,Enrolled,112.34
2.0,88.16,472.16,178.3,0.43,Enrolled,439.97
0.0844,39.43,124.89,262.32,0.0186,Enrolled,78.3
0.965,139.53,113.75,73.61,0.123,Enrolled,589.29
26.46,90.94,401.07,41.86,0.335,Not Enrolled,1065.98
13.41,69.71,476.36,75.28,0.58,Not Enrolled,691.89
6.86,98.94,285.64,55.95,0.407,Enrolled,908.67
53.35,238.74,377.92,17.13,0.433,Not Enrolled,4813.8
245.44,123.99,717.7,20.31,0.407,Not Enrolled,3657.56
2.17,108.88,321.97,130.9,0.0876,Not Enrolled,476.12
3.76,39.83,418.7,139.89,0.0584,Not Enrolled,226.09
15.0,78.71,322.94,41.79,0.154,Not Enrolled,988.46
16.48,27.95,250.48,33.12,0.183,Not Enrolled,324.12
5.47,58.44,343.56,78.11,0.507,Enrolled,544.12
17.73,42.61,633.05,111.07,0.226,Not Enrolled,333.43
16.72,137.47,720.67,116.43,0.201,Not Enrolled,1142.69
19.49,107.39,796.01,138.02,0.624,Not Enrolled,631.12
5.25,82.04,401.58,107.17,0.348,Not Enrolled,492.13
12.66,21.96,699.54,145.37,0.483,Not Enrolled,154.25
1.83,35.17,120.83,59.49,0.172,Not Enrolled,211.7
4.94,79.11,161.41,36.45,0.391,Not Enrolled,724.39
5.89,127.57,140.61,25.42,0.61,Not Enrolled,1237.96
3.23,51.08,175.81,62.35,0.238,Not Enrolled,306.51
0.354,110.11,172.09,161.82,0.284,Enrolled,319.64
2.48,29.68,238.07,90.05,0.0481,Enrolled,217.34
1.98,54.04,361.79,158.71,0.141,Not Enrolled,233.58
63.1,87.45,659.79,48.21,0.442,Not Enrolled,1465.52
1.66,39.63,279.34,156.44,0.0761,Not Enrolled,127.78
12.23,185.32,794.58,163.1,0.572,Not Enrolled,862.34
8.94,71.97,533.84,107.22,0.104,Enrolled,656.42
4.55,291.12,510.87,142.1,0.341,Not Enrolled,1184.89
0.73,24.38,155.97,117.14,0.38,Enrolled,110.73
4.04,161.28,255.22,70.29,0.316,Not Enrolled,963.73
5.58,38.97,445.91,112.16,0.0848,Enrolled,337.43
7.33,99.41,520.1,118.43,0.174,Enrolled,680.4
3.81,41.19,191.59,53.66,0.145,Enrolled,383.6
0.587,180.29,255.55,178.49,0.23,Enrolled,485.26
2.83,43.46,147.75,53.58,0.0389,Enrolled,327.25
1.78,52.44,222.16,94.67,0.118,Enrolled,343.11
7.42,182.53,285.76,52.35,0.506,Not Enrolled,1471.21
5.47,53.44,89.04,17.28,0.128,Not Enrolled,646.71
0.482,43.56,133.27,131.2,0.18,Enrolled,146.71
2.64,51.65,505.31,181.79,0.145,Enrolled,279.71
38.02,117.39,319.98,20.81,0.182,Not Enrolled,1963.1
106.75,98.71,547.65,26.16,0.512,Not Enrolled,1764.14
4.73,94.42,436.89,130.04,0.543,Not Enrolled,416.85
11.99,98.32,195.08,26.36,0.242,Not Enrolled,1036.94
0.898,126.8,42.24,32.9,0.26,Not Enrolled,616.84
284.29,357.36,866.81,25.52,0.593,Not Enrolled,8256.13
27.13,211.21,473.57,42.65,0.351,Enrolled,2965.25
6.24,173.4,511.93,123.67,0.148,Not Enrolled,992.27
0.251,52.44,27.34,56.71,0.107,Enrolled,205.56
26.81,79.67,276.87,21.8,0.427,Not Enrolled,1251.35
8.7,141.03,399.9,81.02,0.283,Not Enrolled,933.38
2.46,169.71,264.95,99.19,0.159,Not Enrolled,753.96
1.92,100.28,47.46,19.18,0.18,Not Enrolled,824.73
6.07,83.84,593.84,163.33,0.114,Not Enrolled,415.22
3.81,65.07,124.87,32.18,0.146,Enrolled,657.2
9.38,153.3,441.54,91.18,0.208,Not Enrolled,907.22
0.497,88.37,37.57,44.26,0.569,Not Enrolled,367.11
4.92,72.46,87.62,16.91,0.244,Enrolled,882.87
57.56,225.04,764.66,63.84,0.447,Not Enrolled,2715.47
4.16,66.39,609.65,190.54,0.403,Not Enrolled,307.8
0.415,186.56,87.03,89.17,0.154,Enrolled,605.25
1.61,152.48,179.26,84.9,0.0623,Not Enrolled,683.38
0.468,111.98,237.98,189.17,0.0671,Enrolled,324.69
50.73,67.24,1494.16,201.21,0.365,Enrolled,688.77
2.97,34.58,468.62,179.01,0.142,Not Enrolled,157.0
14.55,148.4,324.21,41.63,0.48,Not Enrolled,1505.27
0.731,77.26,176.71,125.03,0.151,Enrolled,298.24
2.1,33.79,380.96,170.37,0.185,Not Enrolled,141.97
4.71,87.53,237.83,64.32,0.25,Not Enrolled,573.14
1.37,138.77,464.09,227.31,0.204,Not Enrolled,370.69
0.751,54.25,97.43,88.12,0.046,Not Enrolled,194.23
10.05,23.86,246.22,41.79,0.298,Not Enrolled,263.24
3.85,114.12,270.27,72.95,0.139,Enrolled,880.58
0.888,115.9,193.62,122.7,0.18,Enrolled,415.59
0.58,120.27,54.63,53.01,0.0578,Enrolled,542.33
19.13,123.96,399.76,48.3,0.229,Not Enrolled,1372.49
3.12,137.06,223.09,75.73,0.205,Not Enrolled,685.34
2.12,48.2,294.33,120.72,0.119,Enrolled,270.89
9.83,82.02,293.32,52.9,0.304,Not Enrolled,687.3
3.08,47.7,75.23,23.51,0.095,Not Enrolled,458.74
4.73,70.53,496.03,150.54,0.238,Not Enrolled,336.33
41.89,85.47,441.1,30.1,0.149,Enrolled,1765.96
4.08,42.97,1202.34,390.45,0.209,Enrolled,171.56
19.9,88.72,483.78,64.14,0.224,Not Enrolled,939.76
3.33,95.99,305.47,96.98,0.278,Not Enrolled,557.65
7.21,28.26,454.02,105.28,0.401,Enrolled,229.35
2.05,121.67,525.64,208.77,0.148,Enrolled,457.64
1.82,49.41,225.78,106.22,0.0981,Not Enrolled,246.6
39.0,145.52,953.89,128.39,0.254,Not Enrolled,1043.98
21.97,111.99,529.34,63.47,0.252,Not Enrolled,1358.01
10.38,56.66,325.14,65.23,0.326,Not Enrolled,393.56
1.03,55.63,210.07,133.4,0.0994,Not Enrolled,208.53
14.84,42.38,468.52,85.01,0.296,Not Enrolled,315.81
0.977,53.1,752.71,389.43,0.129,Enrolled,146.76
8.86,91.05,440.74,92.78,0.106,Not Enrolled,655.89
4.28,82.65,241.13,66.46,0.128,Not Enrolled,599.99
0.575,44.11,132.39,118.85,0.0448,Enrolled,171.49
1.93,69.58,338.59,143.97,0.306,Enrolled,312.57
10.15,195.71,409.31,67.99,0.363,Not Enrolled,1653.95
5.23,46.85,260.34,62.82,0.265,Enrolled,425.52
1.98,44.27,388.1,164.93,0.135,Enrolled,215.97
9.09,194.11,446.95,90.49,0.365,Not Enrolled,1120.9
0.384,207.08,59.65,71.52,0.0117,Enrolled,704.18
11.19,108.04,660.91,136.16,0.456,Not Enrolled,625.62
3.23,156.09,288.33,95.03,0.378,Not Enrolled,714.06
1.5,25.15,164.17,84.82,0.082,Enrolled,156.36
17.37,59.05,479.21,69.3,0.375,Not Enrolled,616.87
11.59,57.42,700.48,136.53,0.228,Enrolled,488.14
7.55,45.78,413.57,92.14,0.155,Enrolled,384.09
0.59,129.1,98.14,84.48,0.587,Not Enrolled,431.85
11.41,32.66,217.78,31.77,0.305,Not Enrolled,407.51
2.51,30.76,56.96,17.49,0.214,Enrolled,388.74
38.65,129.48,507.55,42.58,0.741,Not Enrolled,1659.54
1.64,91.36,205.51,100.11,0.332,Not Enrolled,378.2
9.03,97.0,377.83,71.67,0.515,Not Enrolled,767.6
0.675,60.17,135.72,112.59,0.173,Not Enrolled,212.02
3.96,35.51,306.37,87.01,0.253,Enrolled,299.18
4.23,47.02,566.46,188.88,0.174,Not Enrolled,204.46
50.42,48.34,762.87,81.7,0.38,Not Enrolled,545.89
5.29,81.24,729.57,204.35,0.386,Enrolled,400.32
2.87,37.7,376.6,140.39,0.251,Not Enrolled,195.43
12.63,58.12,296.25,39.23,0.426,Enrolled,797.72
135.04,122.17,333.49,7.37,0.332,Not Enrolled,3179.72
50.47,101.07,1047.12,107.49,0.357,Enrolled,1512.52
4.15,30.8,111.9,26.14,0.254,Enrolled,381.75
4.47,58.38,128.35,29.46,0.0589,Enrolled,673.35
19.01,43.52,869.71,151.0,0.245,Not Enrolled,377.19
0.254,25.95,395.28,363.58,0.327,Enrolled,65.4
107.63,113.87,1109.64,82.61,0.581,Not Enrolled,1913.94
9.84,164.67,546.48,113.52,0.167,Not Enrolled,950.13
2.84,124.17,269.21,95.57,0.226,Not Enrolled,596.56
11.09,264.34,168.24,20.91,0.17,Not Enrolled,2516.17
1.51,61.72,351.96,173.21,0.0972,Enrolled,239.17
0.917,114.13,119.85,74.04,0.0746,Enrolled,603.32
11.19,57.77,204.77,32.35,0.229,Not Enrolled,564.17
4.5,116.98,694.99,198.15,0.32,Enrolled,581.15
12.09,48.75,382.76,61.57,0.649,Not Enrolled,500.43
0.48,41.01,83.4,91.97,0.0605,Enrolled,164.25
48.38,140.59,1442.76,197.68,0.64,Not Enrolled,1042.09
31.0,71.64,1009.97,137.69,0.0409,Enrolled,876.69
8.78,99.71,296.99,56.91,0.283,Not Enrolled,776.09
4.85,18.37,246.09,67.14,0.388,Enrolled,140.51
87.74,409.36,949.22,67.74,0.546,Not Enrolled,5086.46
0.285,24.12,328.07,318.75,0.17,Enrolled,62.04
9.12,97.11,233.1,36.66,0.411,Not Enrolled,1029.34
5.43,58.43,74.77,14.0,0.511,Not Enrolled,654.96
2.83,183.97,567.08,200.72,0.152,Not Enrolled,640.84
0.425,79.4,132.88,124.1,0.26,Enrolled,285.1
184.27,132.09,373.0,6.12,0.358,Not Enrolled,4336.77
28.22,86.18,702.2,89.94,0.435,Not Enrolled,866.71
706.36,154.46,588.63,4.73,0.693,Not Enrolled,6520.31
10.48,76.05,243.41,34.35,0.319,Enrolled,971.78
22.79,152.03,169.08,10.82,0.42,Not Enrolled,2369.79
12.16,144.49,275.23,37.33,0.206,Not Enrolled,1557.56
9.93,128.84,670.07,133.44,0.168,Enrolled,959.45
17.46,85.96,214.1,22.09,0.698,Not Enrolled,997.54
5.42,102.54,373.99,92.35,0.141,Enrolled,732.59
5.49,45.7,73.95,13.24,0.387,Not Enrolled,588.61
2.69,141.52,449.62,158.87,0.601,Not Enrolled,552.67
3.89,221.64,169.0,44.7,0.405,Not Enrolled,1350.96
17.19,185.45,454.72,54.84,0.217,Enrolled,2228.06
3.8,206.93,126.76,33.24,0.246,Not Enrolled,1395.21
10.06,126.98,330.74,61.55,0.118,Not Enrolled,928.68
2.46,41.98,87.79,32.37,0.281,Enrolled,352.47
46.12,134.66,411.8,23.42,0.262,Enrolled,2850.32
0.836,47.49,456.32,285.65,0.21,Not Enrolled,120.48
0.888,33.26,398.64,251.9,0.0154,Enrolled,106.65
0.789,114.23,101.22,73.68,0.643,Not Enrolled,441.13
1.47,69.69,119.9,57.01,0.0671,Enrolled,500.43
14.06,80.46,279.24,34.68,0.477,Not Enrolled,1001.33
30.67,42.65,801.93,104.26,0.335,Not Enrolled,507.29
0.47,59.11,43.72,53.92,0.0541,Enrolled,275.39
4.46,184.16,485.98,132.4,0.458,Not Enrolled,927.3
5.73,79.33,406.48,99.69,0.316,Enrolled,563.12
9.83,70.5,165.51,23.04,0.291,Not Enrolled,876.22
1.92,21.63,148.18,70.37,0.0767,Enrolled,137.45
8.23,58.12,272.52,55.33,0.225,Not Enrolled,486.21
15.4,49.39,156.08,16.42,0.247,Not Enrolled,683.84
37.32,66.21,971.11,129.76,0.209,Not Enrolled,654.12
0.116,58.12,68.3,151.94,0.0526,Enrolled,146.88
6.33,78.92,202.57,43.53,0.16,Not Enrolled,680.55
23.2,354.57,385.36,39.12,0.604,Not Enrolled,3040.07
11.89,64.5,318.41,50.52,0.184,Not Enrolled,675.25
361.6,188.47,620.5,9.41,0.67,Not Enrolled,6722.3
12.05,67.09,422.27,68.11,0.277,Enrolled,721.66
4.33,46.6,83.83,21.91,0.214,Not Enrolled,423.12
1.54,47.26,176.81,101.45,0.118,Not Enrolled,186.43
4.78,38.25,310.04,90.52,0.171,Not Enrolled,252.97
18.03,74.88,466.5,65.88,0.155,Not Enrolled,785.29
0.566,25.56,136.81,126.23,0.0826,Enrolled,101.89
37.81,145.33,959.12,117.81,0.488,Not Enrolled,1359.26
3.52,221.74,209.71,56.63,0.358,Enrolled,1442.44
3.13,79.04,298.09,113.1,0.204,Not Enrolled,321.8
0.321,57.92,526.29,402.16,0.0075,Enrolled,139.67
5.73,40.88,360.46,90.37,0.0972,Enrolled,339.8
0.248,254.93,274.72,278.31,0.121,Enrolled,345.02
0.732,93.56,77.85,70.96,0.213,Not Enrolled,312.53
77.41,167.91,458.0,21.21,0.364,Not Enrolled,3136.46
10.25,60.61,429.19,86.7,0.154,Not Enrolled,459.5
9.81,178.52,195.09,29.04,0.36,Not Enrolled,1557.13
10.15,86.58,520.35,96.97,0.289,Enrolled,765.29
2.42,55.25,180.59,74.62,0.299,Not Enrolled,292.22
1.44,41.25,274.92,136.22,0.0719,Enrolled,213.32
4.22,87.09,231.08,66.33,0.278,Not Enrolled,548.27
21.52,58.4,1154.0,199.67,0.299,Enrolled,490.47
1.32,336.59,241.81,117.28,0.175,Enrolled,1094.85
10.26,67.42,410.75,72.42,0.177,Enrolled,693.52
1.62,109.3,156.89,76.35,0.145,Not Enrolled,516.52
2.9,115.83,205.84,70.01,0.329,Not Enrolled,645.67
0.395,46.81,211.45,196.33,0.0351,Enrolled,146.82
2.21,22.42,142.42,55.53,0.396,Enrolled,177.85
1.02,50.96,745.56,366.69,0.344,Enrolled,161.11
23.56,29.5,425.24,51.4,0.218,Not Enrolled,377.22
10.21,94.27,269.52,40.66,0.461,Not Enrolled,1022.02
1.93,85.47,106.67,41.77,0.196,Enrolled,670.51
17.85,192.86,198.46,14.09,0.325,Enrolled,3477.94
1.27,147.62,135.83,67.87,0.488,Enrolled,741.8
21.93,64.77,814.59,118.19,0.208,Enrolled,749.9
2.98,71.06,412.33,150.36,0.179,Not Enrolled,319.17
0.588,58.47,367.63,262.01,0.0441,Enrolled,157.91
0.192,75.74,114.16,180.78,0.142,Not Enrolled,148.0
3.92,39.34,342.08,104.33,0.203,Enrolled,273.45
1.88,116.77,354.77,150.77,0.315,Not Enrolled,448.13
0.838,50.33,8.36,7.27,0.1,Enrolled,467.73
1.57,35.76,445.17,226.0,0.184,Not Enrolled,118.71
19.68,59.2,625.5,89.38,0.212,Enrolled,683.59
9.62,89.26,841.03,187.06,0.421,Not Enrolled,529.84
21.25,410.74,718.07,97.59,0.577,Not Enrolled,2849.23
3.63,46.67,621.29,196.6,0.32,Enrolled,263.04
1.14,114.97,208.7,116.5,0.447,Not Enrolled,415.71
10.75,59.45,625.52,126.15,0.153,Enrolled,479.95
9.42,69.89,322.17,54.51,0.364,Enrolled,752.01
3.03,85.31,74.06,20.67,0.0775,Enrolled,895.5
30.51,101.52,421.21,38.2,0.513,Not Enrolled,1346.58
10.35,140.34,246.22,36.47,0.392,Not Enrolled,1361.92
0.138,38.13,65.98,141.41,0.0875,Enrolled,108.02
2.28,74.99,518.59,192.29,0.483,Enrolled,349.12
1.83,20.7,352.82,164.29,0.27,Enrolled,95.92
8.9,61.55,209.96,35.79,0.17,Not Enrolled,657.05
0.955,21.41,762.54,427.32,0.19,Enrolled,58.64
23.74,170.09,866.4,127.68,0.499,Not Enrolled,1281.68
4.06,87.24,209.99,53.03,0.364,Enrolled,761.36
5.45,76.29,115.27,25.22,0.284,Not Enrolled,673.95
106.18,152.48,394.3,10.55,0.399,Not Enrolled,4397.62
3.85,56.03,168.61,49.19,0.0747,Not Enrolled,457.39
13.85,126.19,130.02,11.54,0.47,Not Enrolled,1762.87
8.2,128.23,324.17,62.64,0.367,Not Enrolled,975.87
32.22,87.34,455.72,44.46,0.27,Not Enrolled,1099.27
1.94,44.96,147.5,67.68,0.272,Not Enrolled,259.85
8.04,56.0,554.31,139.89,0.37,Not Enrolled,288.35
17.6,54.84,646.38,99.68,0.557,Not Enrolled,550.88
5.86,143.67,250.4,52.49,0.254,Enrolled,1196.57
10.55,56.18,691.54,146.61,0.333,Not Enrolled,393.74
53.98,39.73,843.34,77.66,0.238,Enrolled,739.96
9.26,79.84,337.64,59.28,0.386,Not Enrolled,781.79
13.61,165.83,887.97,182.41,0.596,Not Enrolled,737.25
2.13,110.15,289.27,124.94,0.129,Not Enrolled,420.74
19.43,171.61,346.97,39.39,0.212,Not Enrolled,1790.09
36.22,94.03,669.51,76.86,0.132,Not Enrolled,998.46
6.14,88.81,222.91,48.68,0.373,Not Enrolled,706.17
15.1,272.55,514.3,73.78,0.624,Not Enrolled,2111.23
12.69,372.97,229.66,27.03,0.314,Not Enrolled,3391.72
1.39,219.75,234.61,109.48,0.169,Enrolled,893.37
8.27,78.39,218.82,36.01,0.438,Not Enrolled,863.74
12.89,278.01,499.53,84.45,0.333,Not Enrolled,1710.77
1.39,80.26,304.45,161.64,0.07,Not Enrolled,271.21
0.899,27.42,78.72,58.53,0.211,Enrolled,162.2
1.15,71.03,136.78,91.62,0.125,Not Enrolled,254.21
7.62,74.1,331.05,64.9,0.44,Enrolled,679.26
11.33,147.29,331.59,53.15,0.707,Not Enrolled,1122.63
4.43,101.89,157.94,36.91,0.277,Enrolled,926.96
0.162,32.17,149.62,225.72,0.144,Enrolled,80.56
65.29,154.58,771.17,70.12,0.444,Not Enrolled,1494.7
0.811,103.81,272.36,165.55,0.349,Enrolled,354.67
3.52,109.14,161.31,51.26,0.477,Not Enrolled,600.34
2.4,76.03,878.08,342.53,0.0225,Enrolled,247.02
1.21,53.35,104.95,63.47,0.261,Not Enrolled,281.67
3.89,55.08,90.12,23.85,0.145,Not Enrolled,536.56
1.18,25.58,116.16,79.01,0.148,Not Enrolled,121.17
1.1,187.41,159.82,92.54,0.398,Not Enrolled,643.68
71.94,57.07,764.22,56.12,0.356,Not Enrolled,1119.97
23.2,116.33,383.98,33.96,0.603,Enrolled,1890.26
1.58,96.37,570.47,257.15,0.151,Enrolled,301.09
2.03,115.05,122.06,47.55,0.549,Not Enrolled,709.51
11.95,65.32,707.49,131.9,0.303,Enrolled,589.0
53.36,58.69,539.12,37.99,0.449,Not Enrolled,1107.16
1.44,43.14,356.85,179.42,0.457,Not Enrolled,164.09
5.01,39.2,613.61,183.77,0.394,Not Enrolled,200.89
2.44,32.83,235.14,93.38,0.117,Enrolled,206.89
1.29,152.35,382.5,185.8,0.203,Enrolled,495.38
43.77,123.51,1008.12,121.66,0.737,Not Enrolled,1087.85
3.0,32.94,124.89,43.6,0.12,Not Enrolled,262.96
0.213,40.57,126.21,181.87,0.16,Enrolled,104.73
16.35,169.22,276.37,32.72,0.255,Not Enrolled,1677.99
12.34,119.72,281.05,35.34,0.351,Enrolled,1535.67
0.778,56.5,166.34,115.7,0.304,Enrolled,237.87
1.05,52.14,300.66,174.75,0.278,Enrolled,186.58
7.68,226.33,428.13,92.61,0.465,Not Enrolled,1192.8
5.1,52.67,178.91,40.73,0.239,Enrolled,532.36
0.334,41.9,312.75,274.65,0.355,Enrolled,110.34
9.68,274.7,145.79,18.22,0.558,Not Enrolled,2532.07
0.595,28.54,46.47,50.7,0.183,Enrolled,149.32
3.74,116.07,206.33,53.35,0.452,Enrolled,942.42
0.461,72.99,215.48,194.82,0.0248,Enrolled,185.86
7.05,35.56,297.25,63.39,0.438,Not Enrolled,330.81
0.716,93.93,72.52,60.36,0.174,Enrolled,421.11
33.19,125.45,639.42,72.14,0.397,Not Enrolled,1255.08
1.25,202.78,327.14,169.3,0.339,Not Enrolled,536.9
14.96,165.98,504.46,72.34,0.435,Not Enrolled,1568.09
7.26,67.7,656.79,151.61,0.205,Enrolled,511.88
0.627,373.2,91.16,73.01,0.229,Enrolled,1139.12
3.6,101.11,742.48,256.28,0.268,Not Enrolled,322.56
3.03,53.51,357.61,121.04,0.131,Enrolled,337.09
1.86,66.29,178.34,84.35,0.137,Not Enrolled,323.11
30.01,30.84,1124.47,178.93,0.478,Not Enrolled,265.48
0.645,34.16,43.22,45.96,0.118,Enrolled,180.12
13.37,72.96,425.18,68.47,0.614,Not Enrolled,645.1
13.48,155.0,648.69,118.75,0.407,Not Enrolled,957.98
2.28,127.05,471.91,182.01,0.145,Enrolled,494.7
0.938,39.07,197.78,129.25,0.0347,Enrolled,175.68
1.06,26.12,217.93,133.62,0.272,Enrolled,117.41
8.58,79.44,102.91,11.87,0.288,Enrolled,1289.95
0.408,116.31,401.68,311.88,0.147,Enrolled,215.88
21.87,81.99,617.59,90.84,0.421,Not Enrolled,681.48
24.52,65.73,804.03,106.52,0.239,Enrolled,869.31
24.37,66.34,673.56,97.83,0.298,Not Enrolled,587.79
12.92,158.4,368.08,54.05,0.55,Not Enrolled,1376.91
3.39,92.65,717.38,233.93,0.259,Enrolled,405.27
27.89,98.11,738.31,92.6,0.369,Not Enrolled,1079.01
1.28,44.01,318.35,171.53,0.396,Not Enrolled,163.38
6.71,154.16,332.19,71.84,0.316,Not Enrolled,1044.09
135.1,37.9,965.98,66.15,0.747,Not Enrolled,626.89
11.68,95.85,911.84,199.16,0.383,Not Enrolled,501.94
16.39,164.73,289.62,31.26,0.186,Not Enrolled,2080.19
1.53,71.09,81.22,42.26,0.0282,Enrolled,472.51
0.839,17.87,133.08,106.68,0.186,Enrolled,74.2
7.16,48.35,273.5,59.49,0.431,Not Enrolled,394.52
1.68,145.39,136.54,61.95,0.224,Not Enrolled,741.56
3.06,51.31,80.26,27.82,0.347,Not Enrolled,373.18
12.83,147.74,810.94,155.7,0.133,Not Enrolled,989.18
2.12,260.37,374.17,145.03,0.362,Not Enrolled,885.9
0.613,33.46,113.25,99.95,0.187,Enrolled,146.94
5.17,85.7,284.56,74.64,0.197,Not Enrolled,562.33
137.9,79.71,886.92,47.79,0.237,Not Enrolled,1940.8
0.84,89.88,252.22,158.67,0.0916,Enrolled,318.2
1.06,51.2,206.63,126.8,0.144,Enrolled,209.37
13.62,97.41,432.94,66.02,0.518,Not Enrolled,921.23
61.88,141.93,300.68,11.42,0.539,Not Enrolled,2929.18
31.28,59.56,303.37,22.52,0.212,Not Enrolled,1079.9
8.35,69.27,225.62,44.91,0.335,Not Enrolled,536.09
12.33,124.49,200.72,25.48,0.314,Not Enrolled,1335.73
29.93,77.1,342.42,28.35,0.568,Not Enrolled,1130.52
1.03,47.84,53.18,34.8,0.159,Enrolled,354.9
12.54,78.92,204.57,26.86,0.348,Not Enrolled,885.83
4.36,105.15,297.61,82.28,0.353,Not Enrolled,646.98
29.6,42.96,284.08,23.53,0.089,Not Enrolled,713.94
16.24,68.4,392.65,54.41,0.259,Not Enrolled,755.8
7.19,88.4,563.49,141.75,0.216,Not Enrolled,468.38
5.32,179.31,764.4,208.85,0.56,Not Enrolled,719.49
3.83,55.45,393.29,123.82,0.349,Not Enrolled,314.71
2.54,54.97,379.62,129.74,0.193,Enrolled,385.15
30.93,85.77,361.68,33.98,0.417,Not Enrolled,987.65
3.93,22.16,178.54,58.85,0.074,Not Enrolled,155.42
1.47,53.6,112.45,63.45,0.188,Not Enrolled,272.49
5.56,159.53,227.32,55.19,0.479,Not Enrolled,903.07
12.94,72.02,334.31,44.66,0.636,Enrolled,910.05
1.57,88.31,118.89,57.13,0.362,Not Enrolled,496.5
32.52,76.76,233.31,16.09,0.308,Not Enrolled,1142.62
32.34,61.41,1112.49,158.81,0.426,Not Enrolled,617.93
5.09,125.85,370.89,102.36,0.282,Not Enrolled,632.66
32.55,45.82,185.16,10.09,0.416,Not Enrolled,920.63
21.75,119.15,476.82,63.87,0.525,Not Enrolled,951.68
0.709,40.12,129.46,101.69,0.237,Enrolled,177.61
0.919,74.98,181.19,128.74,0.206,Not Enrolled,223.79
3.44,94.43,362.03,112.9,0.524,Not Enrolled,514.81
0.412,65.23,98.32,104.93,0.332,Enrolled,229.62
2.18,77.09,244.27,98.1,0.283,Not Enrolled,403.17
1.26,30.33,231.31,139.01,0.174,Not Enrolled,118.94
0.244,26.07,50.73,88.6,0.291,Enrolled,102.28
3.71,45.03,557.71,164.89,0.227,Enrolled,327.12
1.26,31.55,325.16,174.14,0.168,Enrolled,136.4
13.29,99.28,222.26,24.06,0.605,Not Enrolled,1401.27
12.51,49.45,360.19,57.48,0.214,Not Enrolled,536.89
10.56,41.67,694.91,150.09,0.115,Enrolled,313.24
0.37,69.03,217.06,195.75,0.112,Enrolled,208.22
5.66,48.07,298.81,76.7,0.0712,Not Enrolled,370.91
0.625,195.04,194.12,137.69,0.385,Enrolled,564.63
2.66,32.08,231.72,85.28,0.0768,Enrolled,231.26
1.46,56.51,298.81,147.3,0.488,Enrolled,231.82
16.43,52.02,418.49,64.96,0.131,Not Enrolled,496.02
0.44,143.97,37.28,39.19,0.17,Enrolled,819.4
2.97,52.14,141.87,50.47,0.153,Not Enrolled,357.6
0.908,75.07,95.21,62.79,0.372,Enrolled,400.46
8.4,51.37,406.21,91.83,0.262,Not Enrolled,352.25
6.48,80.56,479.95,117.1,0.167,Not Enrolled,536.58
0.176,45.54,80.52,139.32,0.0109,Enrolled,147.0
3.35,212.78,89.48,22.61,0.283,Not Enrolled,1713.1
1.51,113.81,214.51,100.47,0.225,Enrolled,536.15
12.22,40.64,833.72,163.01,0.139,Enrolled,382.28
1.03,33.77,46.9,37.08,0.149,Not Enrolled,195.97
4.78,73.55,275.29,66.62,0.323,Enrolled,645.26
8.34,80.93,322.77,67.98,0.235,Not Enrolled,577.63
2.97,66.34,247.31,95.05,0.421,Not Enrolled,291.47
1.11,81.63,469.18,253.52,0.241,Not Enrolled,218.27
2.74,159.35,397.92,145.89,0.47,Not Enrolled,560.8
22.54,78.95,316.61,29.86,0.416,Not Enrolled,1162.65
12.43,53.54,159.55,17.65,0.197,Not Enrolled,851.31
0.581,29.4,75.31,76.6,0.121,Enrolled,135.9
10.96,293.46,578.59,110.76,0.7,Not Enrolled,1433.16
1.36,41.31,153.64,84.84,0.373,Not Enrolled,210.79
1.07,55.83,246.97,145.2,0.307,Enrolled,213.09
17.72,325.95,350.99,36.73,0.409,Not Enrolled,3491.04
25.78,144.51,903.58,132.17,0.443,Not Enrolled,1123.52
5.32,66.01,200.75,51.03,0.161,Not Enrolled,489.61
10.83,59.7,320.89,50.81,0.343,Not Enrolled,677.45
32.79,130.71,327.88,24.9,0.377,Not Enrolled,1794.61
3.63,39.85,45.05,11.88,0.169,Not Enrolled,438.37
4.51,42.38,127.6,27.92,0.22,Enrolled,533.23
0.731,114.14,314.55,196.16,0.252,Enrolled,347.29
12.48,62.4,457.19,87.09,0.443,Not Enrolled,426.64
5.95,262.97,266.83,59.88,0.331,Not Enrolled,1498.21
3.55,282.19,289.48,81.24,0.204,Enrolled,1571.82
3.25,26.78,360.53,123.23,0.13,Enrolled,174.77
844.22,443.91,1088.65,19.85,0.447,Not Enrolled,12836.53
15.41,89.9,760.23,134.23,0.454,Not Enrolled,678.38
14.83,52.45,426.33,62.78,0.533,Not Enrolled,574.46
4.8,142.92,119.87,27.0,0.334,Not Enrolled,1123.32
11.15,60.13,354.8,59.39,0.154,Not Enrolled,634.92
35.09,75.31,602.55,68.48,0.274,Not Enrolled,789.73
0.579,63.62,184.42,142.99,0.0565,Enrolled,249.96
1.3,120.67,82.53,47.86,0.252,Not Enrolled,577.96
0.0305,68.07,187.63,450.04,0.0861,Enrolled,71.77
3.41,104.36,280.17,90.35,0.156,Not Enrolled,580.2
51.79,70.21,564.05,41.75,0.542,Not Enrolled,1213.14
0.812,183.05,139.32,99.51,0.0779,Not Enrolled,578.77
3.1,61.18,318.45,104.01,0.281,Enrolled,395.95
1.12,73.83,27.97,18.7,0.621,Not Enrolled,476.53
10.95,108.15,229.65,31.59,0.332,Not Enrolled,1228.55
23.34,31.54,670.65,92.24,0.723,Not Enrolled,354.57
21.19,42.01,362.71,43.35,0.0515,Not Enrolled,567.9
47.38,59.81,596.63,51.84,0.289,Not Enrolled,921.2
1.85,44.9,268.46,108.45,0.121,Enrolled,317.33
3.96,129.45,347.31,103.44,0.438,Not Enrolled,650.72
2.26,36.48,248.06,106.89,0.0976,Not Enrolled,194.54
1.69,78.47,132.91,63.15,0.225,Not Enrolled,434.02
22.08,34.83,298.33,30.77,0.0962,Not Enrolled,545.15
5.37,97.46,310.56,68.67,0.199,Enrolled,919.7
11.45,66.49,513.4,90.36,0.161,Enrolled,673.55
28.17,38.2,875.21,127.02,0.42,Not Enrolled,383.91
35.94,848.17,610.78,52.3,0.416,Not Enrolled,7976.19
0.741,108.24,105.83,87.18,0.184,Not Enrolled,355.74
14.85,186.09,565.45,82.31,0.562,Enrolled,1708.33
4.07,153.4,13.26,1.62,0.163,Enrolled,2534.05
10.08,30.4,201.46,33.43,0.17,Not Enrolled,339.33
3.06,45.89,199.01,65.62,0.177,Enrolled,350.76
4.58,51.73,154.48,35.2,0.167,Enrolled,589.16
9.24,37.38,390.81,73.44,0.487,Enrolled,376.89
2.41,36.73,118.85,43.7,0.343,Enrolled,304.76
37.17,84.62,204.84,10.34,0.417,Not Enrolled,1572.55
0.476,71.84,134.21,125.01,0.289,Enrolled,236.82
3.13,58.0,49.18,12.78,0.472,Not Enrolled,652.89
1.16,45.13,61.03,40.87,0.0625,Enrolled,282.03
1.2,167.61,304.78,155.39,0.216,Enrolled,558.38
2.21,31.79,541.37,222.22,0.329,Enrolled,137.0
100.82,45.5,328.73,9.59,0.368,Not Enrolled,1306.99
0.536,51.62,40.32,44.46,0.0391,Enrolled,297.17
27.93,108.98,278.24,20.51,0.244,Not Enrolled,1781.16
4.48,118.24,758.84,222.63,0.442,Enrolled,509.66
3.76,64.76,261.16,80.34,0.187,Not Enrolled,423.74
0.164,72.48,147.73,212.9,0.0678,Enrolled,162.23
5.63,56.71,855.47,250.14,0.236,Not Enrolled,253.25
15.1,174.16,793.09,131.31,0.55,Enrolled,1347.28
3.56,38.16,498.43,159.5,0.346,Enrolled,230.89
0.611,91.11,40.57,35.58,0.289,Enrolled,576.11
2.68,60.78,615.46,234.92,0.317,Not Enrolled,223.7
0.804,37.5,271.45,195.7,0.0711,Not Enrolled,112.9
0.223,44.72,44.64,88.3,0.273,Enrolled,140.39
209.33,498.24,476.2,6.57,0.621,Not Enrolled,16797.34
0.214,44.82,32.4,66.11,0.154,Enrolled,187.91
2.72,72.78,339.36,124.91,0.0791,Enrolled,381.09
19.41,86.86,977.95,165.84,0.473,Not Enrolled,679.63
2.77,70.79,274.85,95.2,0.383,Enrolled,423.21
57.92,26.68,412.09,24.23,0.437,Not Enrolled,555.04
1.09,35.04,145.81,97.02,0.0887,Not Enrolled,159.22
6.29,205.5,279.5,52.65,0.412,Enrolled,1802.8
1.71,83.35,157.19,78.1,0.408,Not Enrolled,359.07
91.01,212.25,265.22,4.63,0.595,Not Enrolled,6961.38
7.48,70.78,565.51,132.37,0.425,Not Enrolled,457.07
2.14,207.9,530.96,214.14,0.23,Not Enrolled,577.12
2.09,40.53,672.21,267.04,0.232,Enrolled,177.09
70.63,75.17,558.64,35.45,0.291,Not Enrolled,1348.34
15.67,58.5,229.38,25.8,0.226,Not Enrolled,823.72
6.73,31.62,349.02,85.18,0.0282,Enrolled,261.88
2.27,43.54,64.07,24.48,0.0701,Enrolled,412.19
2.8,32.16,621.73,244.8,0.138,Not Enrolled,126.6
0.171,164.94,7.54,25.61,0.0432,Enrolled,634.46
4.05,41.13,630.01,197.97,0.149,Enrolled,229.94
60.07,39.74,511.35,32.98,0.224,Not Enrolled,854.69
1.38,27.79,460.79,231.22,0.129,Enrolled,112.19
70.0,152.85,228.67,6.08,0.558,Not Enrolled,3458.81
2.71,38.46,100.82,37.22,0.387,Not Enrolled,285.09
0.767,32.8,493.79,303.16,0.34,Enrolled,97.14
4.23,74.52,729.21,227.29,0.249,Enrolled,329.57
11.39,86.49,522.11,104.74,0.0248,Not Enrolled,616.4
6.03,137.62,484.38,131.12,0.326,Not Enrolled,587.19
6.49,46.72,532.02,138.84,0.0526,Not Enrolled,308.93
6.04,68.24,530.8,132.45,0.163,Enrolled,480.99
0.169,58.13,143.08,221.66,0.11,Enrolled,112.39
17.41,202.66,506.01,68.26,0.616,Not Enrolled,1730.33
2.61,82.56,103.01,31.99,0.387,Enrolled,747.46
1.39,23.81,178.81,100.07,0.142,Enrolled,124.35
3.91,65.53,70.95,17.26,0.215,Not Enrolled,686.02
1.89,56.32,33.19,16.25,0.122,Not Enrolled,426.59
5.89,83.0,856.11,234.99,0.292,Enrolled,396.9
32.43,185.65,682.21,80.34,0.358,Not Enrolled,1608.23
1.01,70.1,117.6,72.73,0.334,Enrolled,361.45
24.52,125.2,167.53,10.36,0.176,Not Enrolled,2139.21
4.25,82.67,416.51,118.25,0.494,Enrolled,494.88
7.39,104.0,278.63,61.73,0.0931,Not Enrolled,706.63
3.75,37.32,157.26,46.88,0.133,Enrolled,318.71
76.18,109.26,642.2,38.62,0.287,Not Enrolled,2189.23
1.58,57.37,59.72,30.12,0.173,Enrolled,422.42
20.99,264.45,368.98,35.11,0.578,Not Enrolled,3097.16
0.817,34.67,120.9,93.09,0.189,Enrolled,155.71
19.82,60.7,688.94,109.04,0.328,Not Enrolled,534.75
1.96,70.3,208.33,93.89,0.0628,Not Enrolled,352.3
5.15,74.71,360.02,85.3,0.183,Enrolled,676.22
2.47,89.59,184.27,57.79,0.246,Enrolled,802.1
1.74,36.78,118.07,57.11,0.112,Enrolled,246.77
3.84,23.15,271.86,93.49,0.0129,Not Enrolled,147.83
14.55,37.94,337.4,56.18,0.212,Not Enrolled,330.32
26.09,84.76,540.47,61.88,0.258,Not Enrolled,1057.11
14.67,81.41,467.25,69.91,0.459,Not Enrolled,827.67
1.04,69.5,300.21,166.65,0.0727,Enrolled,285.49
5.35,28.59,501.84,149.21,0.111,Not Enrolled,164.89
16.91,31.25,1075.61,208.13,0.335,Enrolled,243.17
0.179,73.98,64.42,126.41,0.136,Enrolled,171.3
1.74,66.0,239.7,111.71,0.179,Not Enrolled,309.35
18.64,102.72,373.19,42.04,0.383,Not Enrolled,1330.65
0.122,52.63,62.13,152.58,0.0741,Enrolled,112.41
19.06,49.91,221.38,20.18,0.425,Not Enrolled,819.79
4.62,155.88,196.65,44.75,0.422,Enrolled,1249.58
2.75,47.43,296.29,121.31,0.205,Not Enrolled,204.55
12.2,141.91,270.66,35.69,0.645,Not Enrolled,1453.5
89.61,105.64,786.62,52.8,0.669,Not Enrolled,1690.12
357.49,226.48,945.27,28.47,0.229,Not Enrolled,5894.57
3.69,201.57,186.65,44.76,0.323,Enrolled,1705.56
1.62,93.6,340.85,160.7,0.272,Not Enrolled,330.87
6.13,113.1,159.79,30.04,0.141,Not Enrolled,1165.02
7.1,95.95,252.13,45.89,0.266,Enrolled,1019.43
11.31,29.56,468.42,93.73,0.171,Not Enrolled,243.59
0.237,29.23,40.58,87.18,0.121,Not Enrolled,93.16
8.53,46.99,498.38,111.32,0.0835,Not Enrolled,365.56
254.66,388.56,565.78,10.61,0.693,Not Enrolled,9576.68
35.31,35.32,721.76,87.41,0.236,Not Enrolled,429.22
11.38,269.14,230.72,32.65,0.314,Not Enrolled,2104.55
0.912,46.94,251.88,151.44,0.186,Enrolled,207.16
3.11,53.63,320.92,113.71,0.426,Not Enrolled,276.33
6.23,83.54,393.29,93.78,0.575,Not Enrolled,546.18
1.44,55.88,114.04,60.58,0.313,Not Enrolled,317.91
3.08,58.9,145.31,45.01,0.468,Enrolled,472.92
0.702,78.0,214.06,159.46,0.289,Not Enrolled,219.84
6.54,69.11,438.03,110.41,0.161,Not Enrolled,431.27
6.57,59.87,602.11,162.41,0.0404,Not Enrolled,334.08
8.45,99.54,234.4,42.62,0.116,Not Enrolled,901.58
7.76,199.69,219.24,35.58,0.346,Not Enrolled,1874.4
1.62,123.93,172.91,92.63,0.557,Not Enrolled,377.96
31.85,228.82,366.97,25.75,0.602,Not Enrolled,3332.25
20.13,57.88,427.79,58.53,0.155,Not Enrolled,595.65
6.84,71.82,218.45,45.23,0.138,Not Enrolled,648.89
6.6,71.76,349.57,86.14,0.317,Not Enrolled,443.81
22.39,91.72,456.34,58.25,0.192,Not Enrolled,909.53
44.19,91.65,317.12,17.65,0.242,Not Enrolled,1812.34
3.58,54.6,274.27,81.72,0.58,Enrolled,385.95
8.45,118.11,243.04,44.8,0.291,Not Enrolled,944.7
0.903,43.7,114.57,72.75,0.251,Enrolled,275.28
0.732,109.05,168.55,113.32,0.233,Enrolled,443.34
0.868,43.4,154.19,107.68,0.146,Enrolled,192.39
12.7,68.71,400.9,64.59,0.306,Not Enrolled,678.19
32.79,101.7,617.14,64.38,0.58,Not Enrolled,1242.97
21.29,221.11,517.96,57.68,0.274,Enrolled,2640.87
0.202,67.04,133.68,187.45,0.132,Enrolled,155.4
24.18,104.12,890.58,130.47,0.473,Not Enrolled,933.05
5.52,46.08,127.75,26.16,0.28,Not Enrolled,520.43
7.66,53.89,87.17,11.94,0.4,Not Enrolled,759.09
3.96,34.8,384.03,130.25,0.0317,Not Enrolled,192.95
27.22,174.08,540.88,61.31,0.234,Not Enrolled,1736.12
30.31,67.69,159.67,6.25,0.379,Enrolled,1983.02
5.2,56.59,440.41,127.87,0.127,Not Enrolled,313.62
5.47,179.4,67.94,11.04,0.474,Not Enrolled,1815.82
0.51,53.71,127.09,118.56,0.176,Enrolled,195.07
3.94,126.37,642.37,200.8,0.14,Enrolled,537.61
0.539,56.2,244.42,199.61,0.024,Enrolled,163.95
1.61,35.57,143.63,69.77,0.148,Enrolled,235.39
2.69,39.9,116.39,41.84,0.204,Enrolled,318.73
3.06,68.92,861.36,315.1,0.275,Not Enrolled,217.33
6.79,152.97,382.05,80.31,0.619,Not Enrolled,1059.98
15.64,179.01,655.99,110.56,0.546,Not Enrolled,1134.21
5.34,36.8,338.71,90.44,0.0312,Enrolled,294.73
1.12,97.68,227.98,132.92,0.101,Not Enrolled,345.73
2.03,45.65,201.47,87.71,0.189,Enrolled,260.67
17.97,44.88,527.65,87.66,0.0957,Not Enrolled,383.25
2.95,32.41,38.83,11.03,0.139,Enrolled,405.52
4.69,189.36,462.74,134.58,0.51,Not Enrolled,725.55
5.47,157.84,105.84,23.19,0.188,Not Enrolled,1138.82
2.97,119.01,88.45,23.09,0.337,Enrolled,1209.03
2.39,238.06,316.48,105.52,0.62,Enrolled,1167.01
0.207,64.33,71.52,120.35,0.0331,Enrolled,193.47
93.0,83.51,924.94,75.57,0.309,Not Enrolled,1137.94
9.66,70.9,563.83,117.64,0.188,Not Enrolled,529.06
3.19,61.02,197.28,68.25,0.228,Not Enrolled,367.56
41.79,53.74,988.9,129.6,0.209,Not Enrolled,536.8
9.77,78.54,934.38,230.89,0.224,Not Enrolled,347.8
2.12,45.5,82.02,32.43,0.1,Enrolled,405.1
21.04,185.16,346.16,34.25,0.52,Not Enrolled,2157.11
494.99,71.83,1184.76,38.15,0.61,Not Enrolled,2375.03
11.05,100.98,256.84,41.52,0.137,Not Enrolled,910.26
2.1,38.11,578.28,234.46,0.165,Enrolled,172.8
10.54,53.55,120.78,16.05,0.0721,Not Enrolled,695.77
44.47,48.81,781.13,77.39,0.404,Enrolled,780.51
0.248,48.27,129.65,171.53,0.289,Enrolled,124.1
27.12,53.55,397.04,42.27,0.0912,Not Enrolled,715.78
21.08,69.18,363.95,40.06,0.348,Not Enrolled,914.52
8.02,75.46,749.27,179.99,0.466,Not Enrolled,421.13
1.11,120.88,53.73,31.56,0.232,Enrolled,777.27
8.44,151.1,409.06,79.89,0.386,Not Enrolled,1093.37
48.5,298.51,887.78,75.51,0.692,Enrolled,4267.01
6.56,100.41,150.73,26.97,0.648,Not Enrolled,958.98
52.8,86.75,760.45,74.57,0.552,Not Enrolled,978.72
106.26,146.72,772.37,42.56,0.406,Not Enrolled,2907.19
22.75,128.22,558.43,76.52,0.268,Not Enrolled,1057.35
37.17,87.13,1009.86,145.36,0.415,Not Enrolled,624.8
0.684,40.04,63.25,64.32,0.0497,Not Enrolled,173.75
23.52,34.94,355.87,36.8,0.0949,Enrolled,571.98
0.694,60.79,177.43,122.56,0.289,Enrolled,272.58
4.81,60.3,202.63,50.36,0.0954,Enrolled,546.69
0.181,61.57,98.15,168.13,0.0823,Enrolled,134.32
7.59,216.28,142.48,23.18,0.429,Not Enrolled,1747.53
3.28,83.75,49.56,12.91,0.327,Not Enrolled,842.13
37.0,86.84,549.34,46.93,0.228,Enrolled,1530.17
5.43,78.84,214.43,47.65,0.461,Not Enrolled,689.87
8.41,185.7,351.25,65.75,0.119,Not Enrolled,1456.64
19.07,85.32,401.2,43.2,0.459,Enrolled,1297.29
23.54,48.4,835.81,128.29,0.354,Not Enrolled,461.98
16.39,49.33,535.19,86.13,0.582,Not Enrolled,437.28
7.4,44.21,240.63,53.52,0.0697,Not Enrolled,369.12
4.14,110.5,413.4,113.31,0.337,Enrolled,716.02
5.04,100.19,727.43,208.78,0.652,Not Enrolled,420.94
10.43,93.3,87.73,9.16,0.614,Not Enrolled,1212.39
7.24,103.22,510.55,114.36,0.457,Not Enrolled,690.2
3.24,98.84,315.47,102.16,0.397,Not Enrolled,535.33
2.02,92.65,162.43,71.81,0.361,Not Enrolled,436.68
11.27,91.07,508.65,89.78,0.118,Enrolled,865.97
2.18,79.06,140.5,55.83,0.0926,Enrolled,526.91
46.73,39.8,519.33,45.61,0.144,Not Enrolled,599.01
119.61,37.03,895.09,55.02,0.157,Enrolled,930.9
3.28,36.5,89.22,23.6,0.422,Enrolled,426.28
15.93,54.73,623.06,109.48,0.0583,Not Enrolled,474.14
14.91,98.71,357.44,44.38,0.506,Enrolled,1244.58
0.761,95.98,432.77,260.6,0.115,Enrolled,260.64
14.69,163.79,589.18,85.55,0.253,Enrolled,1755.44
2.1,91.15,668.91,268.83,0.0487,Enrolled,323.32
24.06,275.59,372.62,38.9,0.513,Not Enrolled,2318.3
8.39,223.13,235.63,35.83,0.746,Not Enrolled,1995.69
2.46,88.44,161.3,59.59,0.247,Not Enrolled,552.97
76.37,394.0,784.91,55.46,0.584,Not Enrolled,4459.84
0.815,106.12,567.77,320.6,0.459,Enrolled,234.53
9.18,129.23,566.63,112.09,0.265,Enrolled,981.1
4.22,135.3,694.36,204.48,0.397,Enrolled,599.59
0.706,81.0,340.85,213.89,0.214,Enrolled,261.71
8.42,77.72,381.24,84.56,0.122,Not Enrolled,518.18
1.64,103.87,142.21,70.27,0.388,Not Enrolled,462.99
38.09,61.58,966.27,119.73,0.113,Enrolled,784.89
1.3,110.34,191.91,102.98,0.214,Not Enrolled,440.2
9.59,35.79,509.1,103.69,0.093,Enrolled,337.85
12.21,101.13,441.03,77.0,0.138,Not Enrolled,830.99
1.1,71.35,38.64,26.1,0.358,Not Enrolled,445.88
8.81,70.03,55.52,5.21,0.474,Not Enrolled,1199.21
13.27,54.0,542.75,99.4,0.0948,Not Enrolled,465.35
1.64,47.8,244.95,117.94,0.216,Enrolled,230.98
22.45,39.26,426.94,54.02,0.324,Not Enrolled,448.31
18.21,90.97,290.62,34.58,0.15,Not Enrolled,1017.89
17.2,43.14,354.7,43.51,0.0359,Enrolled,677.85
9.29,160.03,637.11,124.54,0.371,Enrolled,1179.04
4.47,66.93,347.73,100.57,0.122,Not Enrolled,426.87
0.396,54.91,526.26,383.66,0.304,Enrolled,119.96
33.13,54.0,483.29,50.12,0.485,Not Enrolled,647.15
0.796,75.25,86.85,60.64,0.18,Enrolled,440.48
22.71,51.94,320.22,28.39,0.158,Enrolled,1020.17
1.87,58.71,75.68,34.19,0.294,Not Enrolled,411.59
10.68,136.33,292.59,49.94,0.22,Not Enrolled,1047.66
11.93,67.82,251.4,36.39,0.0967,Not Enrolled,803.26
28.98,83.19,990.76,154.74,0.317,Not Enrolled,601.5
6.09,78.88,179.97,35.65,0.246,Not Enrolled,806.28
0.891,24.31,76.3,61.4,0.0362,Enrolled,135.35
3.31,70.17,66.2,16.8,0.215,Enrolled,793.46
6.09,41.5,256.69,60.33,0.116,Not Enrolled,369.03
2.2,255.26,60.3,20.62,0.292,Not Enrolled,1737.53
22.68,111.76,417.91,41.53,0.478,Enrolled,1613.12
3.0,50.41,724.7,266.18,0.358,Not Enrolled,186.41
7.01,98.18,438.4,97.44,0.0918,Enrolled,759.7
4.66,65.61,282.64,74.46,0.151,Enrolled,516.03
2.79,68.75,313.37,110.81,0.285,Enrolled,383.62
16.05,26.58,968.8,199.19,0.128,Not Enrolled,183.21
4.7,340.76,356.67,83.16,0.529,Enrolled,2043.32
9.83,153.78,269.19,44.37,0.445,Not Enrolled,1238.45
26.95,42.64,385.41,34.58,0.474,Enrolled,757.03
1.04,118.08,118.35,71.59,0.36,Enrolled,530.91
11.13,43.69,281.45,44.75,0.379,Not Enrolled,482.9
3.52,134.36,327.69,108.7,0.239,Not Enrolled,584.75
6.9,45.31,278.91,62.78,0.102,Not Enrolled,392.63
4.19,212.86,185.2,45.28,0.311,Not Enrolled,1488.33
1.98,43.77,275.83,122.25,0.189,Enrolled,217.68
2.95,36.64,259.16,93.76,0.177,Enrolled,229.42
0.151,84.48,46.15,92.92,0.346,Enrolled,284.88
12.37,67.64,454.48,72.5,0.354,Enrolled,737.29
67.45,35.06,759.89,62.1,0.331,Not Enrolled,617.58
0.35,25.45,179.7,193.97,0.104,Enrolled,78.14
22.52,95.81,472.21,51.55,0.577,Not Enrolled,1263.6
0.25,32.06,76.31,122.99,0.0945,Enrolled,102.19
2.68,63.26,626.4,218.27,0.0611,Enrolled,342.12
94.65,65.35,182.89,2.57,0.783,Not Enrolled,2334.68
0.496,112.41,67.42,67.45,0.282,Enrolled,451.95
7.97,70.19,482.53,109.8,0.253,Not Enrolled,471.98
4.58,468.82,127.09,26.54,0.548,Not Enrolled,2935.26
4.02,54.31,240.9,78.71,0.176,Not Enrolled,303.46
4.76,33.68,192.64,50.01,0.509,Not Enrolled,282.97
23.13,120.58,489.02,58.25,0.0702,Not Enrolled,1389.01
0.178,30.62,160.11,232.51,0.248,Enrolled,72.88
15.67,142.17,198.61,17.93,0.721,Not Enrolled,1937.45
2.45,128.84,105.8,37.26,0.231,Not Enrolled,874.46
18.35,236.53,106.3,6.2,0.514,Not Enrolled,3405.87
2.76,27.28,509.38,199.79,0.227,Not Enrolled,121.11
2.55,180.67,236.34,90.48,0.164,Not Enrolled,738.0
4.03,32.05,361.34,112.95,0.278,Enrolled,204.91
36.05,228.3,382.84,26.68,0.457,Not Enrolled,3184.73
1.92,97.34,388.82,171.38,0.244,Not Enrolled,335.25
2.95,131.72,113.27,36.42,0.119,Not Enrolled,911.0
18.24,193.59,450.04,56.86,0.417,Not Enrolled,1823.33
1.07,26.75,153.63,104.32,0.0317,Enrolled,123.57
16.51,58.2,253.33,26.64,0.223,Enrolled,934.14
27.03,47.99,488.84,52.7,0.24,Not Enrolled,708.68
4.61,23.47,269.79,70.45,0.046,Enrolled,235.41
0.941,45.38,130.58,82.72,0.0611,Enrolled,272.09
1.89,52.97,806.67,335.25,0.171,Enrolled,181.85
1.29,62.85,350.87,182.2,0.321,Enrolled,223.1
3.4,41.9,353.02,132.88,0.0144,Not Enrolled,200.35
10.68,74.78,391.58,73.2,0.305,Not Enrolled,589.2
2.74,107.94,98.98,37.27,0.0762,Not Enrolled,640.1
22.07,94.07,586.74,82.46,0.495,Not Enrolled,803.63
1.31,219.99,95.4,49.29,0.279,Not Enrolled,1046.84
6.08,50.73,287.26,76.17,0.234,Not Enrolled,313.62
3.71,114.34,118.24,34.53,0.325,Not Enrolled,748.6
4.01,51.89,399.19,107.76,0.399,Enrolled,439.91
3.0,65.64,405.4,123.94,0.138,Enrolled,520.78
6.45,91.94,534.27,127.07,0.333,Enrolled,618.43
11.02,37.31,394.11,68.33,0.208,Enrolled,411.94
12.25,126.25,432.09,72.75,0.379,Not Enrolled,988.38
1.27,120.29,278.91,136.11,0.278,Enrolled,504.0
7.96,39.15,603.03,130.05,0.297,Enrolled,362.96
3.95,65.24,379.85,123.29,0.227,Not Enrolled,326.07
12.51,79.44,268.41,36.44,0.0972,Not Enrolled,1010.81
6.17,53.86,245.35,55.08,0.371,Not Enrolled,461.57
3.15,45.03,648.38,223.92,0.14,Enrolled,224.96
4.46,46.19,344.87,94.27,0.146,Enrolled,374.42
0.238,37.15,50.34,99.97,0.187,Not Enrolled,105.56
1.56,64.21,230.29,111.36,0.41,Not Enrolled,292.88
1.27,34.46,107.28,62.34,0.129,Enrolled,215.73
4.77,66.34,109.8,23.87,0.525,Not Enrolled,663.72
26.03,146.71,221.42,15.25,0.32,Not Enrolled,2205.07
1.11,90.66,299.72,164.19,0.214,Enrolled,319.21
0.282,172.78,141.2,153.8,0.217,Enrolled,427.24
6.92,32.04,122.77,22.28,0.333,Not Enrolled,373.83
5.19,219.74,412.64,100.96,0.0733,Enrolled,1380.13
8.07,41.29,695.51,172.11,0.275,Not Enrolled,250.71
2.23,68.43,117.36,45.22,0.0947,Enrolled,518.27
2.6,45.46,699.34,273.91,0.0508,Enrolled,173.87
8.16,71.01,276.6,47.86,0.491,Enrolled,775.49
12.69,103.87,563.11,101.8,0.332,Not Enrolled,770.34
2.19,64.9,346.9,152.85,0.102,Not Enrolled,247.46
70.03,126.29,629.62,42.55,0.491,Not Enrolled,1907.43
0.567,34.01,45.05,46.58,0.403,Enrolled,194.52
9.26,269.88,1075.32,243.59,0.535,Not Enrolled,1131.26
42.0,42.66,207.33,9.72,0.544,Not Enrolled,893.93
12.78,79.81,501.41,87.86,0.357,Not Enrolled,656.15
5.73,104.66,380.65,87.97,0.292,Enrolled,807.5
4.52,105.67,90.18,20.8,0.188,Not Enrolled,939.75
18.22,121.36,340.09,37.0,0.618,Not Enrolled,1477.03
6.57,34.53,285.71,65.75,0.357,Not Enrolled,292.69
143.65,90.27,501.38,18.29,0.441,Not Enrolled,1804.73
2.51,225.16,392.58,126.92,0.362,Enrolled,1180.19
0.754,129.04,50.54,40.19,0.225,Enrolled,663.71
1.95,110.48,883.33,362.02,0.278,Enrolled,281.93
6.4,93.25,261.0,58.49,0.169,Not Enrolled,710.21
10.58,72.87,358.18,70.42,0.465,Not Enrolled,484.36
2.88,126.39,169.2,59.71,0.332,Not Enrolled,654.6
52.08,48.17,1349.69,181.38,0.342,Not Enrolled,473.19
12.3,92.87,950.02,181.15,0.681,Enrolled,714.03
4.05,60.55,85.19,19.2,0.306,Enrolled,704.52
2.89,51.84,494.89,178.47,0.406,Enrolled,240.89
3.99,145.72,353.16,108.28,0.229,Not Enrolled,676.32
1.05,43.42,176.73,115.76,0.395,Not Enrolled,164.05
8.1,121.8,437.47,86.6,0.518,Not Enrolled,935.49
10.79,157.98,619.35,122.56,0.103,Not Enrolled,1033.17
4.35,76.6,495.26,144.69,0.235,Enrolled,437.64
55.89,468.02,548.99,35.04,0.399,Not Enrolled,5804.54
0.868,99.96,71.15,50.39,0.226,Enrolled,523.66
6.91,68.23,308.93,61.83,0.333,Enrolled,676.81
52.74,101.68,1132.07,118.74,0.361,Enrolled,1493.62
100.64,275.09,187.6,2.58,0.194,Not Enrolled,7490.12
5.71,172.43,218.74,45.76,0.299,Not Enrolled,1355.19
15.0,114.7,94.68,7.14,0.361,Not Enrolled,1710.67
2.37,57.46,285.45,109.64,0.501,Not Enrolled,307.54
4.59,47.13,313.4,85.22,0.166,Enrolled,373.27
9.97,151.92,652.93,140.61,0.245,Not Enrolled,809.94
3.49,123.98,345.62,113.32,0.268,Not Enrolled,566.95
0.301,35.43,99.82,126.65,0.0966,Enrolled,131.1
2.01,57.31,659.49,258.17,0.0857,Enrolled,265.71
19.12,154.22,748.91,111.55,0.75,Not Enrolled,1232.56
5.79,108.76,196.17,38.91,0.622,Not Enrolled,993.31
2.5,307.26,387.23,127.58,0.191,Enrolled,1448.58
1.35,59.75,105.98,63.91,0.286,Not Enrolled,275.09
13.75,136.18,435.41,67.32,0.179,Not Enrolled,1213.67
7.63,126.63,236.09,46.25,0.298,Not Enrolled,952.67
3.42,169.82,113.47,27.51,0.49,Enrolled,1500.54
0.814,139.38,229.61,135.33,0.394,Enrolled,536.73
37.26,321.69,523.74,42.07,0.34,Not Enrolled,4031.52
12.09,68.84,449.54,71.68,0.141,Enrolled,807.49
1.03,79.03,77.46,59.81,0.157,Not Enrolled,301.84
144.33,163.95,885.76,51.08,0.41,Not Enrolled,2531.9
7.3,48.78,392.16,86.56,0.305,Not Enrolled,407.6
1.23,32.66,402.78,214.9,0.356,Enrolled,120.41
9.88,35.98,221.12,37.17,0.12,Not Enrolled,408.64
1.37,51.67,54.65,28.92,0.226,Enrolled,416.36
0.293,125.21,73.43,105.13,0.202,Not Enrolled,305.95
13.54,135.19,434.77,68.42,0.207,Not Enrolled,1163.69
1.56,38.8,183.65,95.74,0.167,Not Enrolled,195.22
2.96,64.01,108.57,35.19,0.0922,Enrolled,541.15
0.406,155.71,48.59,60.15,0.289,Enrolled,526.1
5.89,43.86,361.36,83.45,0.141,Enrolled,426.97
1.2,101.96,107.04,64.77,0.232,Not Enrolled,449.75
64.12,72.51,539.65,34.65,0.284,Not Enrolled,1362.06
0.523,63.69,244.13,194.45,0.0645,Enrolled,193.16
1.72,86.7,515.09,228.35,0.242,Enrolled,286.94
3.05,81.44,273.59,94.63,0.187,Not Enrolled,447.32
1.89,79.58,314.16,133.64,0.402,Enrolled,353.87
1.98,93.49,139.8,59.83,0.379,Not Enrolled,507.25
1.9,82.2,290.37,123.26,0.243,Enrolled,389.74
9.64,164.37,532.75,108.02,0.454,Not Enrolled,961.99
27.57,90.88,114.58,4.61,0.407,Not Enrolled,2042.73
11.64,64.85,299.14,43.61,0.479,Not Enrolled,760.72
2.16,76.68,192.43,73.98,0.133,Enrolled,512.06
3.7,29.12,278.12,91.43,0.0328,Enrolled,204.47
1.78,107.64,90.92,38.93,0.149,Enrolled,744.92
2.72,67.29,241.28,84.32,0.649,Not Enrolled,394.19
13.84,94.63,701.14,128.57,0.364,Not Enrolled,686.54
19.62,86.22,631.25,93.03,0.259,Not Enrolled,826.93
0.947,39.46,125.47,94.01,0.0487,Not Enrolled,165.71
1.01,25.72,31.28,28.02,0.178,Not Enrolled,148.2
4.75,52.73,305.08,95.69,0.133,Not Enrolled,274.29
16.43,103.43,146.97,14.4,0.115,Not Enrolled,1272.44
22.25,102.55,308.17,28.61,0.265,Not Enrolled,1495.12
0.512,53.47,118.12,119.42,0.177,Not Enrolled,166.53
0.257,55.63,48.34,82.83,0.298,Enrolled,186.44
2.18,99.26,76.79,28.23,0.641,Not Enrolled,715.29
16.46,42.17,1005.75,191.49,0.287,Enrolled,332.28
0.278,70.52,122.24,149.53,0.123,Enrolled,202.55
14.86,49.9,754.98,138.78,0.174,Enrolled,428.11
13.26,65.53,229.82,29.77,0.443,Not Enrolled,770.35
3.15,47.16,207.25,71.66,0.754,Not Enrolled,271.1
1.35,28.54,141.79,83.78,0.0967,Enrolled,148.94
53.03,435.34,513.95,29.72,0.191,Not Enrolled,6997.86
20.34,106.05,462.81,55.62,0.276,Not Enrolled,1271.46
11.2,245.28,218.79,33.63,0.187,Not Enrolled,1716.52
6.32,70.13,721.61,179.05,0.211,Enrolled,479.43
7.78,24.6,1055.0,281.73,0.137,Enrolled,136.08
13.92,54.74,591.38,108.03,0.308,Not Enrolled,437.61
0.626,54.86,216.61,166.21,0.0257,Enrolled,191.88
3.54,134.91,247.52,68.1,0.248,Enrolled,996.06
0.152,64.27,81.28,158.58,0.00522,Enrolled,151.46
5.38,104.02,894.32,250.12,0.0683,Enrolled,508.26
0.224,33.08,95.26,153.57,0.0868,Enrolled,90.99
1.58,106.75,85.36,48.85,0.304,Not Enrolled,435.3
3.6,133.55,172.84,47.98,0.307,Not Enrolled,948.59
43.54,71.83,1074.68,118.72,0.566,Enrolled,1082.2
3.83,89.17,170.04,49.2,0.0827,Not Enrolled,656.27
5.01,65.09,775.99,246.54,0.162,Not Enrolled,240.05
4.78,51.13,113.32,25.52,0.475,Not Enrolled,516.37
20.47,38.28,210.25,17.65,0.216,Not Enrolled,720.46
2.28,172.73,200.32,76.15,0.299,Not Enrolled,826.88
3.22,61.98,170.48,51.81,0.193,Enrolled,515.95
13.32,46.56,457.96,78.72,0.418,Not Enrolled,419.7
58.93,67.73,1060.43,127.74,0.225,Not Enrolled,622.2
0.816,106.3,170.71,121.1,0.182,Not Enrolled,336.59
1.81,51.27,284.89,132.31,0.0959,Enrolled,237.71
10.77,217.02,188.24,25.38,0.377,Not Enrolled,1928.55
1.93,51.57,209.53,91.3,0.377,Enrolled,282.7
6.49,52.85,906.12,259.79,0.434,Not Enrolled,214.87
1.36,48.67,148.0,76.98,0.149,Enrolled,297.33
0.651,30.35,23.78,26.42,0.0654,Enrolled,205.04
111.21,123.61,1044.94,79.1,0.292,Not Enrolled,1827.86
10.14,68.93,515.01,100.48,0.406,Not Enrolled,553.44
13.12,104.29,129.28,12.64,0.377,Not Enrolled,1418.47
5.69,56.72,779.73,218.54,0.649,Not Enrolled,270.59
0.856,59.33,214.11,138.62,0.27,Enrolled,230.88
2.2,57.87,296.76,122.41,0.222,Not Enrolled,284.75
0.562,56.72,224.32,181.38,0.124,Enrolled,169.18
2.83,100.33,139.38,47.18,0.438,Not Enrolled,629.51
10.03,101.76,233.1,37.92,0.0777,Not Enrolled,990.77
0.94,122.34,269.78,165.42,0.358,Not Enrolled,334.8
3.56,33.86,421.41,131.18,0.482,Enrolled,228.02
9.6,72.68,341.36,58.98,0.495,Not Enrolled,716.55
1.78,41.43,110.12,48.26,0.347,Enrolled,315.69
2.64,45.48,383.14,138.46,0.134,Enrolled,275.26
7.4,64.81,353.93,74.2,0.335,Not Enrolled,557.06
69.46,95.79,372.57,16.7,0.525,Not Enrolled,1890.09
10.67,42.99,819.92,180.1,0.173,Enrolled,306.53
0.339,77.85,207.32,193.04,0.367,Enrolled,217.67
5.32,60.38,103.48,21.19,0.197,Not Enrolled,663.31
27.12,37.31,739.87,102.06,0.143,Not Enrolled,430.4
5.26,53.4,210.88,42.57,0.451,Enrolled,656.9
5.9,63.05,275.05,67.72,0.494,Not Enrolled,429.89
2.27,97.37,306.34,128.57,0.0433,Not Enrolled,402.32
0.794,35.64,155.39,117.53,0.0918,Enrolled,148.07
14.07,103.49,564.15,95.65,0.369,Not Enrolled,823.02
1.98,40.74,246.69,116.34,0.0414,Not Enrolled,194.46
53.48,29.34,604.13,52.3,0.521,Not Enrolled,434.24
5.07,53.6,423.97,121.87,0.135,Not Enrolled,318.49
