,std,share_zero,spearman_vs_target,abs_spearman,vif
log_total_purchase_count log_average_order_value^2,0.9999999999999997,0.0,0.8352112640239822,0.8352112640239822,148862.1909891531
log_total_purchase_count log_average_order_value,1.0000000000000002,0.0,0.7866373438080061,0.7866373438080061,1428439.9625782282
log_average_order_value^2,1.0,0.0,0.7489776823349121,0.7489776823349121,76638.14262653241
log_average_order_value,0.9999999999999992,0.0,0.7489776823349121,0.7489776823349121,68455.7542241208
log_average_order_value^3,0.9999999999999998,0.0,0.7489776823349121,0.7489776823349121,11802.552566052464
log_total_purchase_count log_average_order_value log_days_since_first_purchase,0.9999999999999994,0.0,0.7476525050935922,0.7476525050935922,11022685.158046657
log_average_order_value^2 log_days_since_first_purchase,0.9999999999999998,0.0,0.7243837301822004,0.7243837301822004,642938.4039077649
log_total_purchase_count,1.0000000000000004,0.0,0.7109130259692114,0.7109130259692114,1594266.251510255
log_total_purchase_count^3,1.0000000000000004,0.0,0.7109130259692114,0.7109130259692114,443349.18905332073
log_total_purchase_count^2 log_average_order_value,1.0,0.0,0.7007356304549184,0.7007356304549184,320507.9035593581
log_total_purchase_count log_average_order_value log_days_since_last_purchase,0.9999999999999998,0.0,0.6934670057312632,0.6934670057312632,3061861.394527962
log_total_purchase_count log_days_since_first_purchase,0.9999999999999997,0.0,0.6768979679292231,0.6768979679292231,60304528.42578332
log_days_since_last_purchase^2 log_product_category_diversity,0.9999999999999999,0.0,0.6497318470388063,0.6497318470388063,819713.3745161247
log_total_purchase_count^2,0.9999999999999998,0.0,0.6483648346837704,0.6483648346837704,2015017.8526932683
log_total_purchase_count log_days_since_first_purchase^2,0.9999999999999994,0.0,0.6449285816649157,0.6449285816649157,233440395.1078476
log_average_order_value log_days_since_first_purchase,0.9999999999999998,0.0,0.6392072445332797,0.6392072445332797,2506630.277366589
log_total_purchase_count^2 log_days_since_first_purchase,0.9999999999999998,0.0,0.635206749954376,0.635206749954376,25888438.54769471
log_days_since_last_purchase^2,0.9999999999999997,0.0,-0.6053535842433038,0.6053535842433038,12172093.111018708
log_days_since_last_purchase,1.0,0.0,-0.6053535842433038,0.6053535842433038,813314.0493648844
log_days_since_last_purchase^3,0.9999999999999998,0.0,-0.6053535842433038,0.6053535842433038,12245172.680974819
log_total_purchase_count log_days_since_last_purchase,1.0,0.0,0.6045537915436642,0.6045537915436642,18844911.744175036
log_total_purchase_count^2 log_days_since_last_purchase,0.9999999999999998,0.0,0.586745540853332,0.586745540853332,5205361.580984304
log_total_purchase_count log_average_order_value log_product_category_diversity,0.9999999999999998,0.0,-0.5840568217769501,0.5840568217769501,28999.155411660195
log_days_since_last_purchase log_product_category_diversity,1.0,0.0,0.5828213354570243,0.5828213354570243,466633.7885226096
log_total_purchase_count log_days_since_first_purchase log_days_since_last_purchase,0.9999999999999994,0.0,0.5736406178795666,0.5736406178795666,259336903.2825127
log_days_since_first_purchase log_days_since_last_purchase log_product_category_diversity,1.0000000000000002,0.0,0.5261204024473525,0.5261204024473525,5159063.647375934
log_days_since_last_purchase log_product_category_diversity^2,1.0,0.0,-0.5243263761856626,0.5243263761856626,53161.91814083261
log_total_purchase_count^2 log_product_category_diversity,0.9999999999999998,0.0,-0.5137374142038201,0.5137374142038201,12045.963921099994
log_average_order_value log_days_since_first_purchase^2,0.9999999999999994,0.0,0.5025623028617503,0.5025623028617503,10204208.15853574
log_total_purchase_count log_product_category_diversity,0.9999999999999997,0.0,-0.48778363506564437,0.48778363506564437,71908.92728264192
log_total_purchase_count log_days_since_last_purchase^2,1.0,0.0,0.4813031443951844,0.4813031443951844,21405502.18585374
log_total_purchase_count log_days_since_first_purchase log_product_category_diversity,0.9999999999999994,0.0,-0.4802963498415196,0.4802963498415196,730339.9980941361
log_product_category_diversity^3,1.0000000000000007,0.0,0.435872647437819,0.435872647437819,565.3869447663502
log_product_category_diversity,0.9999999999999998,0.0,0.435872647437819,0.435872647437819,40604.630109446494
log_product_category_diversity^2,0.9999999999999996,0.0,-0.435872647437819,0.435872647437819,9344.236847423705
log_average_order_value log_days_since_last_purchase log_product_category_diversity,1.0000000000000004,0.0,0.4279695174676389,0.4279695174676389,217801.77857465128
log_days_since_first_purchase log_days_since_last_purchase^2,1.0000000000000002,0.0,-0.42426989054986686,0.42426989054986686,213565529.1019652
log_days_since_last_purchase loyalty,0.9999999999999994,0.0,-0.42087368362903466,0.42087368362903466,216343.35554341512
log_days_since_last_purchase loyalty^2,0.9999999999999994,0.0,-0.42087368362903466,0.42087368362903466,inf
log_days_since_last_purchase^2 loyalty,1.0000000000000013,0.0,-0.42087368362903466,0.42087368362903466,1329495.1825298434
log_days_since_first_purchase log_product_category_diversity^2,0.9999999999999997,0.0,-0.41772869665884677,0.41772869665884677,75060.2561729234
log_days_since_last_purchase log_product_category_diversity loyalty,0.9999999999999984,0.0,0.4145381905779901,0.4145381905779901,38352.97481559064
log_days_since_first_purchase log_product_category_diversity,1.0,0.0,0.391726436975602,0.391726436975602,692349.959052204
log_product_category_diversity loyalty^2,0.9999999999999939,0.0,0.38902807974835424,0.38902807974835424,inf
log_product_category_diversity^2 loyalty,0.9999999999999943,0.0,-0.38902807974835424,0.38902807974835424,186.4090700609642
log_product_category_diversity loyalty,0.9999999999999939,0.0,0.38902807974835424,0.38902807974835424,1545.5561179151007
log_days_since_first_purchase log_product_category_diversity loyalty,0.999999999999999,0.0,0.381875288624658,0.381875288624658,65595.08790710379
log_total_purchase_count log_days_since_last_purchase log_product_category_diversity,1.0,0.0,-0.381407205887125,0.381407205887125,315005.4394047984
log_days_since_first_purchase log_days_since_last_purchase loyalty,0.999999999999999,0.0,-0.3614155533695108,0.3614155533695108,10928205.465225952
log_average_order_value log_product_category_diversity loyalty,1.0000000000000004,0.0,0.34923099078444664,0.34923099078444664,1117.3558766565368
log_average_order_value log_product_category_diversity^2,0.9999999999999992,0.0,-0.3442134168672149,0.3442134168672149,2754.519794947029
loyalty,0.9999999999999979,0.0,-0.3439817184339854,0.3439817184339854,inf
loyalty^2,0.9999999999999979,0.0,-0.3439817184339854,0.3439817184339854,5078.980606214352
loyalty^3,0.9999999999999979,0.0,-0.3439817184339854,0.3439817184339854,inf
log_days_since_first_purchase^2 log_product_category_diversity,1.0000000000000002,0.0,0.31753844128121816,0.31753844128121816,2276995.033723385
log_average_order_value^2 log_days_since_last_purchase,0.9999999999999997,0.0,0.3133664190885426,0.3133664190885426,227502.59009103783
log_average_order_value log_days_since_last_purchase loyalty,0.9999999999999949,0.0,-0.3091931631426853,0.3091931631426853,196669.08642948966
log_total_purchase_count log_product_category_diversity^2,1.0000000000000007,0.0,0.3051983671677421,0.3051983671677421,2410.714100299141
log_average_order_value log_days_since_last_purchase^2,0.9999999999999997,0.0,-0.29697537766045784,0.29697537766045784,2054230.0317427164
log_days_since_first_purchase^2 loyalty,0.9999999999999984,0.0,-0.29427546687821626,0.29427546687821626,6015806.344638751
log_days_since_first_purchase loyalty,1.0000000000000004,0.0,-0.29427546687821626,0.29427546687821626,412614.639627431
log_days_since_first_purchase loyalty^2,1.0000000000000004,0.0,-0.29427546687821626,0.29427546687821626,inf
log_days_since_first_purchase log_days_since_last_purchase,1.0,0.0,-0.2923097843782934,0.2923097843782934,69335136.00208358
log_days_since_last_purchase^2 flag_invalid_recency,0.9999999999999939,0.0,-0.29060376641501406,0.29060376641501406,54012417.88390067
log_days_since_last_purchase flag_invalid_recency^2,0.9999999999999971,0.0,-0.29060376641501406,0.29060376641501406,inf
log_days_since_last_purchase flag_invalid_recency,0.9999999999999971,0.0,-0.29060376641501406,0.29060376641501406,5480854.819896118
log_days_since_first_purchase log_days_since_last_purchase flag_invalid_recency,1.0,0.0,-0.2903126860257394,0.2903126860257394,105708890.45306121
log_total_purchase_count log_days_since_first_purchase flag_invalid_recency,0.9999999999999929,0.0,0.2902418382681563,0.2902418382681563,2389814.1276732227
log_total_purchase_count log_days_since_last_purchase flag_invalid_recency,0.9999999999999907,0.0,0.29019975223486133,0.29019975223486133,5663680.840484857
log_days_since_first_purchase flag_invalid_recency^2,1.0000000000000016,0.0,-0.28990115857883386,0.28990115857883386,inf
log_days_since_first_purchase^2 flag_invalid_recency,0.9999999999999906,0.0,-0.28990115857883386,0.28990115857883386,13653116.310358237
log_days_since_first_purchase flag_invalid_recency,1.0000000000000016,0.0,-0.28990115857883386,0.28990115857883386,2557113.739732897
log_total_purchase_count flag_invalid_recency,0.9999999999999974,0.0,0.28969804688483247,0.28969804688483247,inf
log_total_purchase_count flag_invalid_recency^2,0.9999999999999974,0.0,0.28969804688483247,0.28969804688483247,161754.60150461714
log_total_purchase_count^2 flag_invalid_recency,1.000000000000009,0.0,-0.28969804688483247,0.28969804688483247,53833.128685374904
log_days_since_last_purchase log_product_category_diversity flag_invalid_recency,1.000000000000003,0.0,0.28931060407258413,0.28931060407258413,149419.6001075155
log_days_since_first_purchase log_product_category_diversity flag_invalid_recency,0.9999999999999936,0.0,0.2893103692829982,0.2893103692829982,70830.6149414259
log_total_purchase_count log_product_category_diversity flag_invalid_recency,1.000000000000007,0.0,-0.2892550763354892,0.2892550763354892,5155.094151050202
log_product_category_diversity^2 flag_invalid_recency,1.0000000000000078,0.0,-0.2886387879695612,0.2886387879695612,328.10174283393957
log_product_category_diversity flag_invalid_recency,0.9999999999999944,0.0,0.2886387879695612,0.2886387879695612,3617.518615049243
log_product_category_diversity flag_invalid_recency^2,0.9999999999999944,0.0,0.2886387879695612,0.2886387879695612,inf
log_total_purchase_count log_average_order_value flag_invalid_recency,1.000000000000006,0.0,0.2886321795637646,0.2886321795637646,89521.26960259458
flag_invalid_recency^3,0.9999999999999989,0.0,-0.28825941935383087,0.28825941935383087,56719.44568511183
flag_invalid_recency^2,0.9999999999999989,0.0,-0.28825941935383087,0.28825941935383087,inf
flag_invalid_recency,0.9999999999999989,0.0,-0.28825941935383087,0.28825941935383087,inf
log_average_order_value log_product_category_diversity flag_invalid_recency,0.999999999999987,0.0,0.2872020761952856,0.2872020761952856,2638.015983248095
log_average_order_value log_days_since_last_purchase flag_invalid_recency,1.0000000000000142,0.0,-0.28695349272108145,0.28695349272108145,3376307.1833393215
log_average_order_value log_days_since_first_purchase flag_invalid_recency,0.999999999999996,0.0,-0.2866789063002251,0.2866789063002251,1589690.5881553686
log_average_order_value flag_invalid_recency^2,1.0000000000000018,0.0,-0.2843608874147956,0.2843608874147956,74852.88267035355
log_average_order_value flag_invalid_recency,1.0000000000000018,0.0,-0.2843608874147956,0.2843608874147956,inf
log_average_order_value^2 flag_invalid_recency,1.0000000000000075,0.0,-0.2843608874147956,0.2843608874147956,14420.917174017339
log_days_since_last_purchase loyalty flag_invalid_recency,0.9999999999999997,0.0,-0.26688193294037404,0.26688193294037404,316699.3973505088
log_days_since_first_purchase loyalty flag_invalid_recency,0.9999999999999926,0.0,-0.2662683950834258,0.2662683950834258,151611.19945943248
log_total_purchase_count loyalty flag_invalid_recency,1.0000000000000084,0.0,0.26622428155861244,0.26622428155861244,9115.743876025628
log_product_category_diversity loyalty flag_invalid_recency,1.0000000000000058,0.0,0.26501136057345637,0.26501136057345637,402.1931662414239
loyalty^2 flag_invalid_recency,1.0000000000000004,0.0,-0.2648585128134783,0.2648585128134783,inf
loyalty flag_invalid_recency,1.0000000000000004,0.0,-0.2648585128134783,0.2648585128134783,3023.1212771556843
loyalty flag_invalid_recency^2,1.0000000000000004,0.0,-0.2648585128134783,0.2648585128134783,inf
log_average_order_value loyalty flag_invalid_recency,0.9999999999999939,0.0,-0.2616464475810164,0.2616464475810164,5147.700667012134
log_total_purchase_count^2 loyalty,1.0000000000000044,0.0,-0.24507553622635841,0.24507553622635841,12478.044177679434
log_average_order_value log_product_category_diversity,1.0000000000000004,0.0,0.2440663451513168,0.2440663451513168,39588.734360061244
log_average_order_value log_days_since_first_purchase loyalty,1.0000000000000064,0.0,-0.22487683579123496,0.22487683579123496,402950.4277020022
log_days_since_first_purchase,0.9999999999999999,0.0,0.2040612905443112,0.2040612905443112,1048099.9844595152
log_days_since_first_purchase^3,1.0000000000000009,0.0,0.2040612905443112,0.2040612905443112,139702814.98445323
log_days_since_first_purchase^2,0.9999999999999997,0.0,0.2040612905443112,0.2040612905443112,37756244.50299934
log_average_order_value loyalty^2,1.0000000000000027,0.0,-0.20027072970823784,0.20027072970823784,8980.257162536142
log_average_order_value^2 loyalty,1.0000000000000029,0.0,-0.20027072970823784,0.20027072970823784,5093.663438406194
log_average_order_value loyalty,1.0000000000000027,0.0,-0.20027072970823784,0.20027072970823784,inf
log_average_order_value log_days_since_first_purchase log_product_category_diversity,1.0,0.0,0.1872691190213085,0.1872691190213085,330363.70565690385
log_total_purchase_count log_average_order_value loyalty,1.000000000000002,0.0,0.1741392222020843,0.1741392222020843,12959.990100898734
log_total_purchase_count loyalty,1.0000000000000036,0.0,0.16552059428337712,0.16552059428337712,17548.178309895404
log_total_purchase_count loyalty^2,1.0000000000000036,0.0,0.16552059428337712,0.16552059428337712,inf
log_total_purchase_count log_days_since_first_purchase loyalty,0.9999999999999949,0.0,0.1616570069641702,0.1616570069641702,924738.8692390828
log_total_purchase_count log_days_since_last_purchase loyalty,0.999999999999995,0.0,0.15629918027038237,0.15629918027038237,350502.57039525686
log_total_purchase_count log_product_category_diversity loyalty,1.0000000000000049,0.0,-0.14396039037697245,0.14396039037697245,1757.2308897402986
log_days_since_first_purchase^2 log_days_since_last_purchase,1.0,0.0,-0.13707221968790836,0.13707221968790836,461350720.48305964
log_average_order_value log_days_since_first_purchase log_days_since_last_purchase,0.9999999999999997,0.0,0.08171662473359287,0.08171662473359287,14167344.30471481
log_average_order_value^2 log_product_category_diversity,0.9999999999999994,0.0,0.02827047419141055,0.02827047419141055,5061.39115075313
log_average_order_value log_days_since_last_purchase,0.9999999999999994,0.0,-0.010648727700926813,0.010648727700926813,987829.2891947249
